,loss,lr
0,0.28099716799472696,0.0010000000474974513
