,loss,lr
0,0.11642092277309787,0.0010000000474974513
