,loss,lr
0,0.14899752069431454,0.0010000000474974513
