,loss,lr
0,0.2786629237790606,0.0010000000474974513
