,loss,lr
0,0.37303092642061747,0.0010000000474974513
