,loss,lr
0,0.11629561544743491,0.0010000000474974513
