,loss,lr
0,0.20341880644546517,0.0010000000474974513
