,Loss,Accuracy,Precision,Recall,F1
0,1.0294062715530397,0.6485000252723694,0.6421990154214361,0.6430004981503367,0.6409629652558442
