,Loss,Accuracy,Precision,Recall,F1
0,0.29570313391387465,0.916700005531311,0.9160614176254723,0.9159021428449059,0.9157215454173182
