,Loss,Accuracy,Precision,Recall,F1
0,0.07835160864214413,0.9767000079154968,0.9766261011147342,0.976573660191187,0.9765710408734514
