,Loss,Accuracy,Precision,Recall,F1
0,0.12519339152900502,0.9649999737739563,0.9648154977614585,0.9647257384914483,0.964715322433474
