,Loss,Accuracy,Precision,Recall,F1
0,0.14469028336517512,0.9584000110626221,0.9580628780695652,0.9581495281926904,0.9580506540788605
