,Loss,Accuracy,Precision,Recall,F1
0,0.3022489757537842,0.9104999899864197,0.9095382502358648,0.9094231090152756,0.9092411552957074
