,Loss,Accuracy,Precision,Recall,F1
0,0.2611422603040934,0.9279999732971191,0.927171448172348,0.9272700073015023,0.9271160618561843
